device,platform,day,Test Size,maxspflops,maxdpflops,gmem_readbw,gmem_writebw,gmem_readbw_strided,gmem_writebw_strided,lmem_readbw,lmem_writebw,tex_readbw,bspeed_download,bspeed_readback,fft_sp,ifft_sp,fft_sp_pcie,ifft_sp_pcie,fft_dp,ifft_dp,fft_dp_pcie,ifft_dp_pcie,sgemm_n,sgemm_t,sgemm_n_pcie,sgemm_t_pcie,dgemm_n,dgemm_t,dgemm_n_pcie,dgemm_t_pcie,md_sp_flops,md_sp_bw,md_sp_flops_pcie,md_sp_bw_pcie,md_dp_flops,md_dp_bw,md_dp_flops_pcie,md_dp_bw_pcie,reduction,reduction_pcie,reduction_dp,reduction_dp_pcie,scan,scan_pcie,scan_dp,scan_dp_pcie,sort,sort_pcie,spmv_csr_scalar_sp,spmv_csr_vector_sp,spmv_ellpackr_sp,spmv_csr_scalar_dp,spmv_csr_vector_dp,spmv_ellpackr_dp,stencil,stencil_dp,s3d,s3d_pcie,s3d_dp,s3d_dp_pcie,triad_bw,ocl_kernel,ocl_queue,bfs,bfs_pcie,bfs_teps,md5hash
c1060,best,5/1/2010,,726.164,77.6151,86.9727,77.7158,7.30692,6.52669,267.476,304.242,66.0956,6.01377,5.90817,166.059,165.615,28.0857,28.073,42.2658,42.0676,12.0743,12.058,371.127,255.112,339.026,238.304,74.799,74.0679,70.3906,69.716,0,24.9269,0,11.8794,0,34.6651,0,18.0775,85.6109,5.60117,86.0083,5.61024,12.9627,2.38479,6.96927,2.08445,0.950696,0.719671,1.61792,7.32782,8.26919,1.47527,5.97222,6.23899,0,0,35.9555,29.2755,16.7615,14.9827,5.21626,0.00238461,0.00871325,0.771343,0.695907,31841600,
c1060,best,5/2/2010,,726.164,77.6151,86.9727,77.7158,7.30692,6.52669,267.476,304.242,66.0956,6.01377,5.90817,166.059,165.615,28.0857,28.073,42.2658,42.0676,12.0743,12.058,371.127,255.112,339.026,238.304,74.799,74.0679,70.3906,69.716,0,24.9269,0,11.8794,0,34.6651,0,18.0775,85.6109,5.60117,86.0083,5.61024,12.9627,2.38479,6.96927,2.08445,0.950696,0.719671,1.61792,7.32782,8.26919,1.47527,5.97222,6.23899,0,0,35.9555,29.2755,16.7615,14.9827,5.21626,0.00238461,0.00871325,0.771343,0.695907,31841600,
c1060,cuda50,5/1/2010,,721.93,77.4973,77.7537,69.3972,6.96991,6.52669,228.849,248.753,66.0732,6.01377,5.90817,166.059,165.615,28.0857,28.073,42.2658,42.0676,12.0743,12.058,369.815,253.116,339.026,238.304,74.6993,73.94,70.3906,69.716,,24.9269,,11.8794,,34.6651,,18.0775,85.6109,5.60049,82.0112,5.58427,12.9627,2.401(estimated),6.84681,2.06(estimated),0.950696,0.719671,1.61792,7.32782,8.26919,1.47527,5.97222,6.23899,0,0,29.4442,26.6106,16.7615,14.9827,5.21626,,,0.521518,0.469328,3.18E+07,
c1060,cuda50,5/2/2010,,721.93,77.4973,77.7537,69.3972,6.96991,6.52669,228.849,248.753,66.0732,6.01377,5.90817,166.059,165.615,28.0857,28.073,42.2658,42.0676,12.0743,12.058,369.815,253.116,339.026,238.304,74.6993,73.94,70.3906,69.716,,24.9269,,11.8794,,34.6651,,18.0775,85.6109,5.60049,82.0112,5.58427,12.9627,2.401(estimated),6.84681,2.06(estimated),0.950696,0.719671,1.61792,7.32782,8.26919,1.47527,5.97222,6.23899,0,0,29.4442,26.6106,16.7615,14.9827,5.21626,,,0.521518,0.469328,3.18E+07,
c1060,nvocl50,5/1/2010,,726.164,77.6151,86.9727,77.7158,7.30692,5.72113,267.476,304.242,66.0956,6.00487,5.90549,20.1701,19.2728,12.6215,12.2642,8.09844,6.34305,5.47043,4.60886,371.127,255.112,330.794,235.386,74.799,74.0679,68.0745,67.4652,,24.3291,,11.7254,,17.3733,,11.8618,83.5947,5.60117,86.0083,5.61024,12.0205,2.38479,6.96927,2.08445,0.151633,0.144278,1.56238,6.48287,5.79076,1.46055,5.51079,5.40149,0,0,35.9555,29.2755,13.3472,11.4337,5.12686,0.00238461,0.00871325,0.771343,0.695907,2.87E+07,
c1060,nvocl50,5/2/2010,,726.164,77.6151,86.9727,77.7158,7.30692,5.72113,267.476,304.242,66.0956,6.00487,5.90549,20.1701,19.2728,12.6215,12.2642,8.09844,6.34305,5.47043,4.60886,371.127,255.112,330.794,235.386,74.799,74.0679,68.0745,67.4652,,24.3291,,11.7254,,17.3733,,11.8618,83.5947,5.60117,86.0083,5.61024,12.0205,2.38479,6.96927,2.08445,0.151633,0.144278,1.56238,6.48287,5.79076,1.46055,5.51079,5.40149,0,0,35.9555,29.2755,13.3472,11.4337,5.12686,0.00238461,0.00871325,0.771343,0.695907,2.87E+07,
c2050noecc,best,5/1/2010,,1008,509.367,130.931,125.807,14.9738,6.69,390.383,456.367,86.509,6.15327,5.997,351.26,346.568,31.499,31.46,176.81,177.052,15.7198,15.7241,676.307,731.713,559.286,596.647,315.659,315.899,243.452,243.594,0,35.5103,0,13.8833,0,48.26,0,21.04,128.72,5.86,123.978,5.85,34.049,1.95902,27.785,1.95956,1.74155,0.954775,1.93151,9.94,10.3926,1.5078,8.90532,8.27809,117.973,51.2935,60.466,45.29,32.5285,25.3794,5.57691,0.0072,0.018617,1.0007,0.860994,36813400,
c2050noecc,best,5/2/2010,,1008,509.367,130.931,125.807,14.9738,6.69,390.383,456.367,86.509,6.15327,5.997,351.26,346.568,31.499,31.46,176.81,177.052,15.7198,15.7241,676.307,731.713,559.286,596.647,315.659,315.899,243.452,243.594,0,35.5103,0,13.8833,0,48.26,0,21.04,128.72,5.86,123.978,5.85,34.049,1.95902,27.785,1.95956,1.74155,0.954775,1.93151,9.94,10.3926,1.5078,8.90532,8.27809,117.973,51.2935,60.466,45.29,32.5285,25.3794,5.57691,0.0072,0.018617,1.0007,0.860994,36813400,
c2050noecc,cuda32,5/1/2010,,991.154,480.321,128.167,125.432,11.9,5.73,,,,6.007,5.997,351.26,346.568,31.499,31.46,176.81,177.052,15.71,15.71,617.465,616.566,518.14,517.507,297.1,297.726,232.176,232.588,,35.5,,13.87,,48.26,,21.04,127.66,5.86,123.811,5.85,27.33,1.423(estimated),22.74,1.496(estimated),1.74,0.9528,0.981,9.94,7.93,0.963,8.81,6.31,8.08,4.92,50.99,41.75,30.42,24.08,,,,,,,
c2050noecc,cuda32,5/2/2010,,991.154,480.321,128.167,125.432,11.9,5.73,,,,6.007,5.997,351.26,346.568,31.499,31.46,176.81,177.052,15.71,15.71,617.465,616.566,518.14,517.507,297.1,297.726,232.176,232.588,,35.5,,13.87,,48.26,,21.04,127.66,5.86,123.811,5.85,27.33,1.423(estimated),22.74,1.496(estimated),1.74,0.9528,0.981,9.94,7.93,0.963,8.81,6.31,8.08,4.92,50.99,41.75,30.42,24.08,,,,,,,
c2050noecc,cuda40,5/1/2010,,1003.25,503.266,128.29,125.807,11.8951,5.70673,359.845,442.755,70.4997,6.15327,3.2225,349.525,345.289,31.4645,31.4298,176.396,176.933,15.7198,15.7241,601.505,597.913,506.79,504.237,297.362,297.499,232.33,232.413,,35.5103,,13.8833,,41.1091,,19.5826,128.72,5.85265,123.978,5.84393,33.009,1.536(estimated),27.5834,1.522(estimated),1.74155,0.954775,0.985236,9.9264,8.0771,0.946977,8.77982,6.14443,3.42165,4.91932,52.8131,42.9026,31.0935,24.4561,5.54069,,,,,,
c2050noecc,cuda40,5/2/2010,,1003.25,503.266,128.29,125.807,11.8951,5.70673,359.845,442.755,70.4997,6.15327,3.2225,349.525,345.289,31.4645,31.4298,176.396,176.933,15.7198,15.7241,601.505,597.913,506.79,504.237,297.362,297.499,232.33,232.413,,35.5103,,13.8833,,41.1091,,19.5826,128.72,5.85265,123.978,5.84393,33.009,1.536(estimated),27.5834,1.522(estimated),1.74155,0.954775,0.985236,9.9264,8.0771,0.946977,8.77982,6.14443,3.42165,4.91932,52.8131,42.9026,31.0935,24.4561,5.54069,,,,,,
c2050noecc,cuda41,5/1/2010,,1008,509.154,125.589,125.649,8.60211,5.69265,370.729,440.461,86.4887,6.11253,3.26311,163.68,120.2,28.4263,26.7461,123.929,84.9336,15.1083,14.3074,676.307,731.713,559.286,596.647,315.659,315.899,243.452,243.594,,34.7425,,13.7482,,38.3933,,18.9133,127.778,5.81281,123.675,5.80451,34.049,1.556(estimated),27.785,1.54(estimated),1.65686,0.931304,1.93151,9.81754,10.3926,1.49342,8.90532,8.27809,80.5366,41.3061,54.172,43.854,32.5285,25.3794,5.57691,,,0.538434,0.475833,3.30E+07,
c2050noecc,cuda41,5/2/2010,,1008,509.154,125.589,125.649,8.60211,5.69265,370.729,440.461,86.4887,6.11253,3.26311,163.68,120.2,28.4263,26.7461,123.929,84.9336,15.1083,14.3074,676.307,731.713,559.286,596.647,315.659,315.899,243.452,243.594,,34.7425,,13.7482,,38.3933,,18.9133,127.778,5.81281,123.675,5.80451,34.049,1.556(estimated),27.785,1.54(estimated),1.65686,0.931304,1.93151,9.81754,10.3926,1.49342,8.90532,8.27809,80.5366,41.3061,54.172,43.854,32.5285,25.3794,5.57691,,,0.538434,0.475833,3.30E+07,
c2050noecc,nvocl32,5/1/2010,,982.35,495.94,130.73,124.093,14.82,6.69,,,,6.008,3.23,62.18,59.69,,,28.65,24.13,,,412.187,405.14,353.973,348.698,171.139,158.136,134.156,125.99,,24.14,,11.54,,26.36,,15.2,124.735,5.4,120.38,5.732,24.2392,1.28787,20.3876,1.27495,0.844,0.3767,0.971,4.495,6.38,0.866,3.627,4.254,3.67,5.104,60.466,45.29,28.073,20.86,,,,,,,
c2050noecc,nvocl32,5/2/2010,,982.35,495.94,130.73,124.093,14.82,6.69,,,,6.008,3.23,62.18,59.69,,,28.65,24.13,,,412.187,405.14,353.973,348.698,171.139,158.136,134.156,125.99,,24.14,,11.54,,26.36,,15.2,124.735,5.4,120.38,5.732,24.2392,1.28787,20.3876,1.27495,0.844,0.3767,0.971,4.495,6.38,0.866,3.627,4.254,3.67,5.104,60.466,45.29,28.073,20.86,,,,,,,
c2050noecc,nvocl40,5/1/2010,,1005.63,505.598,130.714,123.934,14.9738,6.68889,371.852,449.05,70.4445,4.82245,3.22306,63.6411,61.1104,22.0701,21.7577,29.7688,24.743,10.7892,10.0494,411.572,405.503,353.658,349.113,168.814,163.347,132.974,129.491,,24.2223,,11.5871,,26.5395,,15.2674,126.185,5.74585,121.808,5.73484,28.4973,1.95495,22.0794,1.91704,0.299533,0.26212,0.975052,4.5558,7.20662,0.877603,3.62892,4.29069,3.71803,5.1548,59.7919,43.2576,27.8538,20.5026,4.45653,0.002971,0.018617,,,,
c2050noecc,nvocl40,5/2/2010,,1005.63,505.598,130.714,123.934,14.9738,6.68889,371.852,449.05,70.4445,4.82245,3.22306,63.6411,61.1104,22.0701,21.7577,29.7688,24.743,10.7892,10.0494,411.572,405.503,353.658,349.113,168.814,163.347,132.974,129.491,,24.2223,,11.5871,,26.5395,,15.2674,126.185,5.74585,121.808,5.73484,28.4973,1.95495,22.0794,1.91704,0.299533,0.26212,0.975052,4.5558,7.20662,0.877603,3.62892,4.29069,3.71803,5.1548,59.7919,43.2576,27.8538,20.5026,4.45653,0.002971,0.018617,,,,
c2050noecc,nvocl41,5/1/2010,,1007.33,509.367,130.931,123.899,14.4119,6.64233,390.383,456.367,86.509,6.02726,3.26317,64.6545,64.0081,22.2106,22.1339,16.7121,17.0222,8.40792,8.48569,413.288,398,355.468,344.106,179.763,171.595,140.057,135.05,,24.2073,,11.5791,,26.3385,,15.1974,126.117,5.74736,121.601,5.73229,26.4141,1.95902,26.6856,1.95956,0.349013,0.299588,1.88935,9.62217,8.12044,1.5078,7.71008,6.82219,117.973,51.2935,59.4675,38.4273,27.9188,18.48,4.49196,0.0072,0.0057485,1.0007,0.860994,3.68E+07,
c2050noecc,nvocl41,5/2/2010,,1007.33,509.367,130.931,123.899,14.4119,6.64233,390.383,456.367,86.509,6.02726,3.26317,64.6545,64.0081,22.2106,22.1339,16.7121,17.0222,8.40792,8.48569,413.288,398,355.468,344.106,179.763,171.595,140.057,135.05,,24.2073,,11.5791,,26.3385,,15.1974,126.117,5.74736,121.601,5.73229,26.4141,1.95902,26.6856,1.95956,0.349013,0.299588,1.88935,9.62217,8.12044,1.5078,7.71008,6.82219,117.973,51.2935,59.4675,38.4273,27.9188,18.48,4.49196,0.0072,0.0057485,1.0007,0.860994,3.68E+07,
gtx480,best,5/1/2010,,1266.49,167.874,152.141,151.342,14.79,6.61,,,,5.551,6.354,432.245,427.406,28.97,28.95,107.07,100.713,13.58,13.47,804.073,803.279,666.259,665.714,163.058,163.089,142.799,142.823,,49.88,,14.81,,63.64,,22.638,151.134,5.328,144.25,5.31936,35.07,2.767(estimated),30.26,2.732(estimated),2.231,1.259,1.12,12.08,9.7,1.19,10.88,7.89,2.71,4.25,55.7,47.19,36.39,29.48,,,,,,,
gtx480,best,5/2/2010,,1266.49,167.874,152.141,151.342,14.79,6.61,,,,5.551,6.354,432.245,427.406,28.97,28.95,107.07,100.713,13.58,13.47,804.073,803.279,666.259,665.714,163.058,163.089,142.799,142.823,,49.88,,14.81,,63.64,,22.638,151.134,5.328,144.25,5.31936,35.07,2.767(estimated),30.26,2.732(estimated),2.231,1.259,1.12,12.08,9.7,1.19,10.88,7.89,2.71,4.25,55.7,47.19,36.39,29.48,,,,,,,
gtx480,cuda32,5/1/2010,,1266.49,167.874,152.141,151.342,14.79,6.61,,,,5.551,6.354,432.245,427.406,28.97,28.95,107.07,100.713,13.58,13.47,804.073,803.279,666.259,665.714,163.058,163.089,142.799,142.823,,49.88,,14.81,,63.64,,22.638,151.134,5.328,144.25,5.31936,35.07,2.767(estimated),30.26,2.732(estimated),2.231,1.259,1.12,12.08,9.7,1.19,10.88,7.89,2.71,4.25,55.7,47.19,36.39,29.48,,,,,,,
gtx480,cuda32,5/2/2010,,1266.49,167.874,152.141,151.342,14.79,6.61,,,,5.551,6.354,432.245,427.406,28.97,28.95,107.07,100.713,13.58,13.47,804.073,803.279,666.259,665.714,163.058,163.089,142.799,142.823,,49.88,,14.81,,63.64,,22.638,151.134,5.328,144.25,5.31936,35.07,2.767(estimated),30.26,2.732(estimated),2.231,1.259,1.12,12.08,9.7,1.19,10.88,7.89,2.71,4.25,55.7,47.19,36.39,29.48,,,,,,,
gtx480,nvocl32,5/1/2010,,1265.22,168.12,164.464,147.7,18.42,8.01,,,,5.531,6.08447,79.46,76.227,,,25.82,22.7,,,539.466,530.095,454.359,447.71,161.72,159.62,131.858,130.51,,29.852,,12.22,,33.67,,16.99,147.505,5.33,140.87,5.318,,,,,,,1.131,5.648,7.809,1.15,4.531,5.259,2.805,4.475,72.81,44.85,29.0246,19.611,,,,,,,
gtx480,nvocl32,5/2/2010,,1265.22,168.12,164.464,147.7,18.42,8.01,,,,5.531,6.08447,79.46,76.227,,,25.82,22.7,,,539.466,530.095,454.359,447.71,161.72,159.62,131.858,130.51,,29.852,,12.22,,33.67,,16.99,147.505,5.33,140.87,5.318,,,,,,,1.131,5.648,7.809,1.15,4.531,5.259,2.805,4.475,72.81,44.85,29.0246,19.611,,,,,,,
gtx570,best,5/1/2010,,1375.35,175.612,143.243,133.052,16.9086,6.30111,536.237,642.148,114.956,6.66438,6.66238,183.944,183.112,31.1133,31.0894,72.3861,68.8244,14.8774,14.7208,937.65,972.05,776.967,800.439,174.293,174.29,154.476,154.474,0,37.0276,0,14.9919,0,45.0292,0,21.7237,133.492,6.33158,128.917,6.32081,38.7305,3.02323,34.5898,3.00436,2.20871,1.32625,2.09975,10.7615,11.944,1.80241,9.56064,8.9906,133.266,61.7848,62.6639,49.1493,32.1598,27.2365,6.57151,0.00247637,0.004768,1.39501,1.18403,50853300,
gtx570,best,5/2/2010,,1375.35,175.612,143.243,133.052,16.9086,6.30111,536.237,642.148,114.956,6.66438,6.66238,183.944,183.112,31.1133,31.0894,72.3861,68.8244,14.8774,14.7208,937.65,972.05,776.967,800.439,174.293,174.29,154.476,154.474,0,37.0276,0,14.9919,0,45.0292,0,21.7237,133.492,6.33158,128.917,6.32081,38.7305,3.02323,34.5898,3.00436,2.20871,1.32625,2.09975,10.7615,11.944,1.80241,9.56064,8.9906,133.266,61.7848,62.6639,49.1493,32.1598,27.2365,6.57151,0.00247637,0.004768,1.39501,1.18403,50853300,
gtx570,cuda50,5/1/2010,,1369.32,175.583,131.254,133.052,10.8133,5.85906,508.31,625.01,114.956,6.66438,6.63026,183.944,183.112,31.1133,31.0894,72.3861,68.8244,14.8774,14.7208,937.65,972.05,776.967,800.439,174.293,174.29,154.476,154.474,,37.0276,,14.9919,,45.0292,,21.7237,133.492,6.31407,128.917,6.31057,38.7305,3.049(estimated),34.5898,3.021(estimated),2.20871,1.32625,2.09975,10.7615,11.944,1.80241,9.56064,8.9906,115.925,51.7772,57.046,49.1493,32.1598,27.2365,6.57151,,,0.799694,0.693294,4.88E+07,
gtx570,cuda50,5/2/2010,,1369.32,175.583,131.254,133.052,10.8133,5.85906,508.31,625.01,114.956,6.66438,6.63026,183.944,183.112,31.1133,31.0894,72.3861,68.8244,14.8774,14.7208,937.65,972.05,776.967,800.439,174.293,174.29,154.476,154.474,,37.0276,,14.9919,,45.0292,,21.7237,133.492,6.31407,128.917,6.31057,38.7305,3.049(estimated),34.5898,3.021(estimated),2.20871,1.32625,2.09975,10.7615,11.944,1.80241,9.56064,8.9906,115.925,51.7772,57.046,49.1493,32.1598,27.2365,6.57151,,,0.799694,0.693294,4.88E+07,
gtx570,nvocl50,5/1/2010,,1375.35,175.612,143.243,130.768,16.9086,6.30111,536.237,642.148,109.202,6.6631,6.66238,76.5668,75.175,25.1524,25.0004,25.6154,24.8867,10.8181,10.6859,565.105,557.148,484.456,478.587,169.59,169.464,141.275,141.195,,26.1024,,12.8166,,29.516,,17.2697,131.427,6.33158,127.206,6.32081,34.9883,3.02323,32.6415,3.00436,0.353474,0.319361,1.99343,10.4504,8.6803,1.69256,6.96269,6.91163,133.266,61.7848,62.6639,47.3215,25.9808,20.8972,6.26826,0.00247637,0.004768,1.39501,1.18403,5.09E+07,
gtx570,nvocl50,5/2/2010,,1375.35,175.612,143.243,130.768,16.9086,6.30111,536.237,642.148,109.202,6.6631,6.66238,76.5668,75.175,25.1524,25.0004,25.6154,24.8867,10.8181,10.6859,565.105,557.148,484.456,478.587,169.59,169.464,141.275,141.195,,26.1024,,12.8166,,29.516,,17.2697,131.427,6.33158,127.206,6.32081,34.9883,3.02323,32.6415,3.00436,0.353474,0.319361,1.99343,10.4504,8.6803,1.69256,6.96269,6.91163,133.266,61.7848,62.6639,47.3215,25.9808,20.8972,6.26826,0.00247637,0.004768,1.39501,1.18403,5.09E+07,
gtx580,best,5/1/2010,,1487.44,197.263,170.341,165.737,17.33,7.17,,,,5.502,6.101,489.776,489.741,29.225,28.226,125.53,117.834,13.83,13.73,942.247,941.661,758.159,757.78,193.019,193.402,165.123,165.403,,54.873,,15.2116,,69.7,,23.35,164.782,5.341,160.624,5.3377,40.61,2.797(estimated),33.98,2.802(estimated),2.596,1.368,1.32,13.448,13.6615,1.3,12.147,10.168,2.27,3.62,64.4,53.28,41.55,32.6,,,,,,,
gtx580,best,5/2/2010,,1487.44,197.263,170.341,165.737,17.33,7.17,,,,5.502,6.101,489.776,489.741,29.225,28.226,125.53,117.834,13.83,13.73,942.247,941.661,758.159,757.78,193.019,193.402,165.123,165.403,,54.873,,15.2116,,69.7,,23.35,164.782,5.341,160.624,5.3377,40.61,2.797(estimated),33.98,2.802(estimated),2.596,1.368,1.32,13.448,13.6615,1.3,12.147,10.168,2.27,3.62,64.4,53.28,41.55,32.6,,,,,,,
gtx580,cuda32,5/1/2010,,1487.44,197.263,170.341,165.737,17.33,7.17,,,,5.502,6.101,489.776,489.741,29.225,28.226,125.53,117.834,13.83,13.73,942.247,941.661,758.159,757.78,193.019,193.402,165.123,165.403,,54.873,,15.2116,,69.7,,23.35,164.782,5.341,160.624,5.3377,40.61,2.797(estimated),33.98,2.802(estimated),2.596,1.368,1.32,13.448,13.6615,1.3,12.147,10.168,2.27,3.62,64.4,53.28,41.55,32.6,,,,,,,
gtx580,cuda32,5/2/2010,,1487.44,197.263,170.341,165.737,17.33,7.17,,,,5.502,6.101,489.776,489.741,29.225,28.226,125.53,117.834,13.83,13.73,942.247,941.661,758.159,757.78,193.019,193.402,165.123,165.403,,54.873,,15.2116,,69.7,,23.35,164.782,5.341,160.624,5.3377,40.61,2.797(estimated),33.98,2.802(estimated),2.596,1.368,1.32,13.448,13.6615,1.3,12.147,10.168,2.27,3.62,64.4,53.28,41.55,32.6,,,,,,,
gtx580,nvocl32,5/1/2010,,1456.5,197.56,170.033,160.65,21.6,8.46,,,,5.527,6.084,90.81,87.09,,,32.01,27.37,,,634.336,632.249,519.866,512.335,190.621,188.126,150.527,148.964,,33.74,,12.84,,38.87,,17.18,161.102,5.344,159.39,5.343,,,,,,,1.31,6.495,11.99,1.292,5.204,6.89,2.363,3.816,80.48,49.32,32.39,21.71,,,,,,,
gtx580,nvocl32,5/2/2010,,1456.5,197.56,170.033,160.65,21.6,8.46,,,,5.527,6.084,90.81,87.09,,,32.01,27.37,,,634.336,632.249,519.866,512.335,190.621,188.126,150.527,148.964,,33.74,,12.84,,38.87,,17.18,161.102,5.344,159.39,5.343,,,,,,,1.31,6.495,11.99,1.292,5.204,6.89,2.363,3.816,80.48,49.32,32.39,21.71,,,,,,,
gtx680,best,5/1/2010,,3042.28,142.108,152.234,156.51,11.6549,4.82307,797.281,863.656,271.255,6.29005,6.71629,165.31,164.712,28.877,28.6025,58.3372,55.3733,13.4659,12.9701,1472.45,1528.1,1093.97,1124.39,133.582,132.013,121.028,119.738,0,45.1765,0,15.5014,0,52.3858,0,22.4688,149.601,6.01909,150.897,6.02451,47.343,2.96394,45.4149,2.94874,2.50636,1.40618,1.39124,21.7438,21.7438,1.30282,18.6513,16.2962,130.989,47.7767,65.8075,49.0865,30.4511,25.8736,6.28248,0.008093,0.00771175,2.0512,1.6081,74700800,
gtx680,best,5/2/2010,,3042.28,142.108,152.234,156.51,11.6549,4.82307,797.281,863.656,271.255,6.29005,6.71629,165.31,164.712,28.877,28.6025,58.3372,55.3733,13.4659,12.9701,1472.45,1528.1,1093.97,1124.39,133.582,132.013,121.028,119.738,0,45.1765,0,15.5014,0,52.3858,0,22.4688,149.601,6.01909,150.897,6.02451,47.343,2.96394,45.4149,2.94874,2.50636,1.40618,1.39124,21.7438,21.7438,1.30282,18.6513,16.2962,130.989,47.7767,65.8075,49.0865,30.4511,25.8736,6.28248,0.008093,0.00771175,2.0512,1.6081,74700800,
gtx680,cuda42,5/1/2010,,2813.93,137.076,147.314,148.514,10.3096,4.28017,762.164,852.639,256.716,6.28783,1.91156,158.999,151.019,28.877,28.6025,56.8215,43.1225,13.4659,12.5231,1161.5,1342.25,856.11,950.443,117.129,115.888,101.14,100.213,,40.9618,,14.8517,,47.8767,,21.157,148.685,6.01909,150.897,6.02451,47.343,1.558(estimated),45.4149,1.556(estimated),2.39172,1.12653,1.20026,20.7829,21.01,1.15387,17.0382,15.8771,103.624,40.1489,52.229,42.6214,30.0911,23.8973,4.75571,,,1.08394,0.859374,6.47E+07,
gtx680,cuda42,5/2/2010,,2813.93,137.076,147.314,148.514,10.3096,4.28017,762.164,852.639,256.716,6.28783,1.91156,158.999,151.019,28.877,28.6025,56.8215,43.1225,13.4659,12.5231,1161.5,1342.25,856.11,950.443,117.129,115.888,101.14,100.213,,40.9618,,14.8517,,47.8767,,21.157,148.685,6.01909,150.897,6.02451,47.343,1.558(estimated),45.4149,1.556(estimated),2.39172,1.12653,1.20026,20.7829,21.01,1.15387,17.0382,15.8771,103.624,40.1489,52.229,42.6214,30.0911,23.8973,4.75571,,,1.08394,0.859374,6.47E+07,
gtx680,cuda50,5/1/2010,,2942.57,142.096,152.234,156.51,9.90808,4.63192,797.281,863.656,271.255,6.13366,6.71566,165.31,164.712,28.1234,28.1061,58.3372,55.3733,13.1263,12.9701,1472.45,1528.1,1093.97,1124.39,133.582,132.013,121.028,119.738,,45.1765,,15.5014,,52.3858,,22.4688,149.601,5.95344,149.695,5.88023,0,0,0,0,2.50636,1.40618,1.39124,21.7438,21.7438,1.30282,18.6513,16.2962,105.062,40.2266,53.2506,45.892,30.4511,25.8736,6.28248,,,0.944462,0.788875,5.73E+07,
gtx680,cuda50,5/2/2010,,2942.57,142.096,152.234,156.51,9.90808,4.63192,797.281,863.656,271.255,6.13366,6.71566,165.31,164.712,28.1234,28.1061,58.3372,55.3733,13.1263,12.9701,1472.45,1528.1,1093.97,1124.39,133.582,132.013,121.028,119.738,,45.1765,,15.5014,,52.3858,,22.4688,149.601,5.95344,149.695,5.88023,0,0,0,0,2.50636,1.40618,1.39124,21.7438,21.7438,1.30282,18.6513,16.2962,105.062,40.2266,53.2506,45.892,30.4511,25.8736,6.28248,,,0.944462,0.788875,5.73E+07,
gtx680,nvocl42,5/1/2010,,2898.48,137.09,144.306,147.55,11.4239,4.24716,672.21,702.356,229.8,6.29005,3.2238,54.6219,52.0247,21.444,21.0319,21.3081,18.7839,9.65335,9.09938,556.844,652.445,458.514,521.389,111.474,106.11,95.1121,91.1827,,28.9017,,12.8579,,23.8506,,14.5475,145.718,6.01533,147.195,6.00971,42.5374,2.02844,40.6605,2.02377,0.41973,0.350634,1.17732,16.0611,18.9656,1.10168,8.58399,15.5984,120.39,44.0886,65.2373,41.4782,24.0762,17.0253,4.59707,0.008093,0.00771175,1.99961,1.51869,7.03E+07,
gtx680,nvocl42,5/2/2010,,2898.48,137.09,144.306,147.55,11.4239,4.24716,672.21,702.356,229.8,6.29005,3.2238,54.6219,52.0247,21.444,21.0319,21.3081,18.7839,9.65335,9.09938,556.844,652.445,458.514,521.389,111.474,106.11,95.1121,91.1827,,28.9017,,12.8579,,23.8506,,14.5475,145.718,6.01533,147.195,6.00971,42.5374,2.02844,40.6605,2.02377,0.41973,0.350634,1.17732,16.0611,18.9656,1.10168,8.58399,15.5984,120.39,44.0886,65.2373,41.4782,24.0762,17.0253,4.59707,0.008093,0.00771175,1.99961,1.51869,7.03E+07,
gtx680,nvocl50,5/1/2010,,3042.28,142.108,148.561,154.894,11.6549,4.82307,729.418,791.324,242.782,6.21679,6.71629,54.5424,51.9948,21.2961,20.8963,22.5064,19.6047,9.8375,9.23974,583.234,685.109,494.235,565.491,119.585,107.927,104.176,95.2163,,29.1397,,12.82,,24.0112,,14.797,146.282,5.78165,147.599,5.78534,44.543,2.96394,41.7129,2.94874,0.433422,0.381323,1.21733,16.9475,19.5372,1.1668,9.62615,16.2839,130.989,47.7767,65.8075,49.0865,24.1144,18.5637,6.07319,0.00275414,0.00648075,2.0512,1.6081,7.47E+07,
gtx680,nvocl50,5/2/2010,,3042.28,142.108,148.561,154.894,11.6549,4.82307,729.418,791.324,242.782,6.21679,6.71629,54.5424,51.9948,21.2961,20.8963,22.5064,19.6047,9.8375,9.23974,583.234,685.109,494.235,565.491,119.585,107.927,104.176,95.2163,,29.1397,,12.82,,24.0112,,14.797,146.282,5.78165,147.599,5.78534,44.543,2.96394,41.7129,2.94874,0.433422,0.381323,1.21733,16.9475,19.5372,1.1668,9.62615,16.2839,130.989,47.7767,65.8075,49.0865,24.1144,18.5637,6.07319,0.00275414,0.00648075,2.0512,1.6081,7.47E+07,
gtx690,best,5/1/2010,,2899.07,135.42,152.388,156.645,11.1743,4.77072,768.639,833.142,261.397,12.3532,12.7959,159.48,158.915,48.2521,48.2003,56.2783,53.4203,21.4315,21.0036,1387.45,1338.36,1192.8,1156.34,127.44,125.817,121.325,119.853,0,45.4116,0,22.9741,0,52.6179,0,31.3456,149.449,11.3504,149.345,11.3478,42.8132,5.47023,40.1725,5.43033,2.42457,1.74891,1.3874,20.769,21.6391,1.29926,17.7992,16.2416,120.753,46.2379,65.4243,53.7085,29.8426,27.385,12.3641,0.0028141,0.0057025,2.12426,1.8558,72582200,
gtx690,best,5/2/2010,,2899.07,135.42,152.388,156.645,11.1743,4.77072,768.639,833.142,261.397,12.3532,12.7959,159.48,158.915,48.2521,48.2003,56.2783,53.4203,21.4315,21.0036,1387.45,1338.36,1192.8,1156.34,127.44,125.817,121.325,119.853,0,45.4116,0,22.9741,0,52.6179,0,31.3456,149.449,11.3504,149.345,11.3478,42.8132,5.47023,40.1725,5.43033,2.42457,1.74891,1.3874,20.769,21.6391,1.29926,17.7992,16.2416,120.753,46.2379,65.4243,53.7085,29.8426,27.385,12.3641,0.0028141,0.0057025,2.12426,1.8558,72582200,
gtx690,cuda50,5/1/2010,,2838.55,135.408,152.388,156.645,9.66304,4.59435,768.639,833.142,261.397,12.3299,12.7753,159.48,158.915,48.2521,48.2003,56.2783,53.4203,21.4315,21.0036,1387.45,1338.36,1192.8,1156.34,127.44,125.817,121.325,119.853,,45.4116,,22.9741,,52.6179,,31.3456,149.449,11.3504,149.345,11.3478,0,0,0,0,2.42457,1.74891,1.3874,20.769,21.6391,1.29926,17.7992,16.2416,98.569,38.9409,52.2896,48.4528,29.8426,27.385,12.3641,,,0.903154,0.825423,5.47E+07,
gtx690,cuda50,5/2/2010,,2838.55,135.408,152.388,156.645,9.66304,4.59435,768.639,833.142,261.397,12.3299,12.7753,159.48,158.915,48.2521,48.2003,56.2783,53.4203,21.4315,21.0036,1387.45,1338.36,1192.8,1156.34,127.44,125.817,121.325,119.853,,45.4116,,22.9741,,52.6179,,31.3456,149.449,11.3504,149.345,11.3478,0,0,0,0,2.42457,1.74891,1.3874,20.769,21.6391,1.29926,17.7992,16.2416,98.569,38.9409,52.2896,48.4528,29.8426,27.385,12.3641,,,0.903154,0.825423,5.47E+07,
gtx690,nvocl50,5/1/2010,,2899.07,135.42,148.347,155.653,11.1743,4.77072,693.419,754.064,230.102,12.3532,12.7959,54.3929,52.3091,30.4778,29.8124,21.4608,18.6887,13.2498,12.1382,543.213,621.348,499.713,565.894,113.998,103.657,106.333,97.2831,,28.9374,,17.8231,,23.8195,,18.2104,145.468,11.3401,147.022,11.3476,42.8132,5.47023,40.1725,5.43033,0.414502,0.388775,1.21637,16.4462,18.9113,1.16567,9.53121,15.935,120.753,46.2379,65.4243,53.7085,23.4762,18.8044,11.4553,0.0028141,0.0057025,2.12426,1.8558,7.26E+07,
gtx690,nvocl50,5/2/2010,,2899.07,135.42,148.347,155.653,11.1743,4.77072,693.419,754.064,230.102,12.3532,12.7959,54.3929,52.3091,30.4778,29.8124,21.4608,18.6887,13.2498,12.1382,543.213,621.348,499.713,565.894,113.998,103.657,106.333,97.2831,,28.9374,,17.8231,,23.8195,,18.2104,145.468,11.3401,147.022,11.3476,42.8132,5.47023,40.1725,5.43033,0.414502,0.388775,1.21637,16.4462,18.9113,1.16567,9.53121,15.935,120.753,46.2379,65.4243,53.7085,23.4762,18.8044,11.4553,0.0028141,0.0057025,2.12426,1.8558,7.26E+07,
gtx980,cuda65,11/9/2014,,5418.92,172.157,178.271,172.392,47.8161,12.6537,2258.44,2679.66,352.151,546.133,1024,463.005,466.064,34.9411,34.9796,95.2584,93.3919,15.7655,15.716,4885.62,4922.92,2365.87,2374.58,150.518,150.508,135.674,135.666,,196.711,,22.5262,,103.953,,30.161,172.706,6.47896,175.011,6.47939,55.695,3.1698,55.7848,3.17093,4.41796,1.9093,7.35254,29.0842,29.6044,4.32857,23.4707,20.3059,181.498,66.1414,70.5378,59.0014,39.3478,32.3259,8.54615,,,1.86422,1.36387,1.12E+08,6.14909
gtx980,nvocl65,11/9/2014,,5437.47,171.856,176.918,170.393,45.2594,12.9534,2333.17,2690.84,347.268,6.74916,6.73148,88.9562,88.6872,15.5913,15.583,30.449,30.6156,7.21675,7.22607,1522.52,1334.87,1055.54,961.707,143.497,142.535,122.969,122.227,,188.533,,22.4762,,106.672,,30.0905,170.469,6.47796,173.225,6.4856,53.1402,3.16067,55.0613,3.17082,0.900591,0.710383,6.53688,25.5894,23.9667,5.23867,21.8782,18.5033,191.519,77.4897,93.1034,69.3055,33.8652,27.0132,6.45606,6.26E-05,2.88E+11,2.8841,2.12329,1.11E+08,6.02872
hd5670,amdocl26,5/1/2010,,593.721,0,51.7526,24.0908,5.75775,2.11862,135.063,214.813,34.1502,5.84079,6.82097,21.0599,21.0476,11.2417,11.2382,0,0,0,0,86.0876,59.4091,81.278,57.0752,0,0,0,0,,11.9634,,4.29686,,0,,0,37.3404,4.89941,0,0,3.89837,1.72281,0,0,0.0325193,0.0321756,0.512822,2.33393,4.03747,0,0,0,23.6575,0,11.379,10.2503,0,0,5.37106,0.0854373,0.135145,0.164787,0.156269,3.22E+06,
hd5670,amdocl26,5/2/2010,,593.721,0,51.7526,24.0908,5.75775,2.11862,135.063,214.813,34.1502,5.84079,6.82097,21.0599,21.0476,11.2417,11.2382,0,0,0,0,86.0876,59.4091,81.278,57.0752,0,0,0,0,,11.9634,,4.29686,,0,,0,37.3404,4.89941,0,0,3.89837,1.72281,0,0,0.0325193,0.0321756,0.512822,2.33393,4.03747,0,0,0,23.6575,0,11.379,10.2503,0,0,5.37106,0.0854373,0.135145,0.164787,0.156269,3.22E+06,
hd5670,best,5/1/2010,,593.721,0,51.7526,24.0908,5.75775,2.11862,135.063,214.813,34.1502,5.84079,6.82097,21.0599,21.0476,11.2417,11.2382,0,0,0,0,86.0876,59.4091,81.278,57.0752,0,0,0,0,,11.9634,,4.29686,,0,,0,37.3404,4.89941,0,0,3.89837,1.72281,0,0,0.0325193,0.0321756,0.512822,2.33393,4.03747,0,0,0,23.6575,0,11.379,10.2503,0,0,5.37106,0.0854373,0.135145,0.164787,0.156269,3.22E+06,
hd5670,best,5/2/2010,,593.721,0,51.7526,24.0908,5.75775,2.11862,135.063,214.813,34.1502,5.84079,6.82097,21.0599,21.0476,11.2417,11.2382,0,0,0,0,86.0876,59.4091,81.278,57.0752,0,0,0,0,,11.9634,,4.29686,,0,,0,37.3404,4.89941,0,0,3.89837,1.72281,0,0,0.0325193,0.0321756,0.512822,2.33393,4.03747,0,0,0,23.6575,0,11.379,10.2503,0,0,5.37106,0.0854373,0.135145,0.164787,0.156269,3.22E+06,
hd5870,amdocl24,5/1/2010,,2540.88,512.846,130.674,51.884,60.4236,5.84698,617.177,899.561,107.443,4.58652,3.12269,50.053,43.1821,14.8098,14.1439,26.9759,24.2586,8.67289,8.3714,248.083,47.2763,208.115,45.6081,3.53429,16.3144,3.50404,15.6899,,22.5709,,9.7991,,36.1765,,16.7336,107.112,4.532,98.3781,4.73039,12.3054,1.67504,19.9737,1.81327,0.0998069,0.095084,1.1373,4.68649,4.5261,1.0957,4.05231,3.95218,11.035,5.63178,37.5141,29.2494,20.7789,16.0226,2.46096,0.064758,0.192199,,,,
hd5870,amdocl24,5/2/2010,,2540.88,512.846,130.674,51.884,60.4236,5.84698,617.177,899.561,107.443,4.58652,3.12269,50.053,43.1821,14.8098,14.1439,26.9759,24.2586,8.67289,8.3714,248.083,47.2763,208.115,45.6081,3.53429,16.3144,3.50404,15.6899,,22.5709,,9.7991,,36.1765,,16.7336,107.112,4.532,98.3781,4.73039,12.3054,1.67504,19.9737,1.81327,0.0998069,0.095084,1.1373,4.68649,4.5261,1.0957,4.05231,3.95218,11.035,5.63178,37.5141,29.2494,20.7789,16.0226,2.46096,0.064758,0.192199,,,,
hd5870,amdocl26,5/1/2010,,2544.9,517.633,141.556,52.1161,30.9829,5.90244,638.172,921.658,110.924,5.38767,3.01301,91.164,91.0431,19.7837,19.778,39.6583,35.1806,9.66021,9.36972,406.435,111.646,341.985,106.175,140.589,35.7974,111.333,33.5504,,36.9267,,6.09249,,45.9243,,9.57518,124.461,3.90451,124.073,3.90722,12.3546,1.66565,20.3455,1.75915,0.103976,0.0986462,1.2544,8.60655,8.06831,1.11044,5.5666,5.11764,89.6897,45.382,23.909,19.5415,13.0923,10.6418,3.01261,0.081165,0.0954123,0.570597,0.513041,1.99E+07,
hd5870,amdocl26,5/2/2010,,2544.9,517.633,141.556,52.1161,30.9829,5.90244,638.172,921.658,110.924,5.38767,3.01301,91.164,91.0431,19.7837,19.778,39.6583,35.1806,9.66021,9.36972,406.435,111.646,341.985,106.175,140.589,35.7974,111.333,33.5504,,36.9267,,6.09249,,45.9243,,9.57518,124.461,3.90451,124.073,3.90722,12.3546,1.66565,20.3455,1.75915,0.103976,0.0986462,1.2544,8.60655,8.06831,1.11044,5.5666,5.11764,89.6897,45.382,23.909,19.5415,13.0923,10.6418,3.01261,0.081165,0.0954123,0.570597,0.513041,1.99E+07,
hd5870,best,5/1/2010,,2544.9,517.633,141.556,52.1161,60.4236,5.90244,638.172,921.658,110.924,5.38767,3.12269,91.164,91.0431,19.7837,19.778,39.6583,35.1806,9.66021,9.36972,406.435,111.646,341.985,106.175,140.589,35.7974,111.333,33.5504,0,36.9267,0,9.7991,0,45.9243,0,16.7336,124.461,4.532,124.073,4.73039,12.3546,1.67504,20.3455,1.81327,0.103976,0.0986462,1.2544,8.60655,8.06831,1.11044,5.5666,5.11764,89.6897,45.382,37.5141,29.2494,20.7789,16.0226,3.01261,0.081165,0.192199,0.570597,0.513041,19945700,
hd5870,best,5/2/2010,,2544.9,517.633,141.556,52.1161,60.4236,5.90244,638.172,921.658,110.924,5.38767,3.12269,91.164,91.0431,19.7837,19.778,39.6583,35.1806,9.66021,9.36972,406.435,111.646,341.985,106.175,140.589,35.7974,111.333,33.5504,0,36.9267,0,9.7991,0,45.9243,0,16.7336,124.461,4.532,124.073,4.73039,12.3546,1.67504,20.3455,1.81327,0.103976,0.0986462,1.2544,8.60655,8.06831,1.11044,5.5666,5.11764,89.6897,45.382,37.5141,29.2494,20.7789,16.0226,3.01261,0.081165,0.192199,0.570597,0.513041,19945700,
hd7970,amdocl26,5/1/2010,,3711.66,926.029,228.586,120.528,51.0855,6.35524,1134.01,1346.84,155.679,1.74008,1.14494,281.999,280.435,9.37922,9.37748,59.4123,36.9486,4.50253,4.30422,1597.5,511.63,889.974,407.951,429.065,502.704,259.201,284.339,,51.0952,,14.9209,,53.7061,,15.1465,49.0045,5.97379,50.1613,6.01537,27.332,1.38521,32.9001,2.06581,0.496652,0.370546,1.72091,17.7445,12.3671,1.69784,9.81945,7.55368,87.5492,56.0131,93.5681,52.6937,40.2809,25.4997,3.41388,0.0791677,0.126948,4.01208,2.20591,2.35E+07,
hd7970,amdocl26,5/2/2010,,3711.66,926.029,228.586,120.528,51.0855,6.35524,1134.01,1346.84,155.679,1.74008,1.14494,281.999,280.435,9.37922,9.37748,59.4123,36.9486,4.50253,4.30422,1597.5,511.63,889.974,407.951,429.065,502.704,259.201,284.339,,51.0952,,14.9209,,53.7061,,15.1465,49.0045,5.97379,50.1613,6.01537,27.332,1.38521,32.9001,2.06581,0.496652,0.370546,1.72091,17.7445,12.3671,1.69784,9.81945,7.55368,87.5492,56.0131,93.5681,52.6937,40.2809,25.4997,3.41388,0.0791677,0.126948,4.01208,2.20591,2.35E+07,
hd7970,best,5/1/2010,,3711.66,926.029,228.586,120.528,51.0855,6.35524,1134.01,1346.84,155.679,1.74008,1.14494,281.999,280.435,9.37922,9.37748,59.4123,36.9486,4.50253,4.30422,1597.5,511.63,889.974,407.951,429.065,502.704,259.201,284.339,,51.0952,,14.9209,,53.7061,,15.1465,49.0045,5.97379,50.1613,6.01537,27.332,1.38521,32.9001,2.06581,0.496652,0.370546,1.72091,17.7445,12.3671,1.69784,9.81945,7.55368,87.5492,56.0131,93.5681,52.6937,40.2809,25.4997,3.41388,0.0791677,0.126948,4.01208,2.20591,2.35E+07,
hd7970,best,5/2/2010,,3711.66,926.029,228.586,120.528,51.0855,6.35524,1134.01,1346.84,155.679,1.74008,1.14494,281.999,280.435,9.37922,9.37748,59.4123,36.9486,4.50253,4.30422,1597.5,511.63,889.974,407.951,429.065,502.704,259.201,284.339,,51.0952,,14.9209,,53.7061,,15.1465,49.0045,5.97379,50.1613,6.01537,27.332,1.38521,32.9001,2.06581,0.496652,0.370546,1.72091,17.7445,12.3671,1.69784,9.81945,7.55368,87.5492,56.0131,93.5681,52.6937,40.2809,25.4997,3.41388,0.0791677,0.126948,4.01208,2.20591,2.35E+07,
ion,cuda32,5/1/2010,,36.871,0,5.897,4.262,0.42,0.45,,,,2.447,2.436,12.79,12.46,6.607,6.52,0,0,0,0,19.51,18.86,19.055,18.4392,0,0,0,0,,1.4,,1.22,0,0,0,0,7.41,1.82,0,0,1.39,0.645(estimated),0,0,0.061,0.0587,0.099,0.24,0.35,0,0,0,22.62,0,2.11,2.07,0,0,,,,,,,
ion,cuda32,5/2/2010,,36.871,0,5.897,4.262,0.42,0.45,,,,2.447,2.436,12.79,12.46,6.607,6.52,0,0,0,0,19.51,18.86,19.055,18.4392,0,0,0,0,,1.4,,1.22,0,0,0,0,7.41,1.82,0,0,1.39,0.645(estimated),0,0,0.061,0.0587,0.099,0.24,0.35,0,0,0,22.62,0,2.11,2.07,0,0,,,,,,,
ion,cuda40,5/1/2010,,36.8729,0,6.43549,4.22296,0.408191,0.4487,14.0434,16.3029,11.2414,2.43271,2.43522,12.5645,12.3979,6.5445,6.49901,0,0,0,0,19.5359,18.8519,19.0823,18.4292,0,0,0,0,,1.3826,,1.20022,,0,,0,7.41413,1.82064,0,0,0,0,0,0,0.0610289,0.0581089,0.0977776,0.232452,0.350545,0,0,0,22.6913,0,2.1466,2.11161,0,0,1.81358,,,,,,
ion,cuda40,5/2/2010,,36.8729,0,6.43549,4.22296,0.408191,0.4487,14.0434,16.3029,11.2414,2.43271,2.43522,12.5645,12.3979,6.5445,6.49901,0,0,0,0,19.5359,18.8519,19.0823,18.4292,0,0,0,0,,1.3826,,1.20022,,0,,0,7.41413,1.82064,0,0,0,0,0,0,0.0610289,0.0581089,0.0977776,0.232452,0.350545,0,0,0,22.6913,0,2.1466,2.11161,0,0,1.81358,,,,,,
ion,nvocl32,5/1/2010,,34.74,0,7.21,2.58,0.41,0.4,,,,2.434,2.436,1.93,1.54,,,0,0,,,9.122,12.29,8.98,12.0449,0,0,0,0,,1.41,,1.22,,0,,0,7.01,1.8,0,0,,,,,,,0.099,0.2148,0.236,0,0,0,27.4,0,3.25,3.07,0,0,,,,,,,
ion,nvocl32,5/2/2010,,34.74,0,7.21,2.58,0.41,0.4,,,,2.434,2.436,1.93,1.54,,,0,0,,,9.122,12.29,8.98,12.0449,0,0,0,0,,1.41,,1.22,,0,,0,7.01,1.8,0,0,,,,,,,0.099,0.2148,0.236,0,0,0,27.4,0,3.25,3.07,0,0,,,,,,,
ion,nvocl40,5/1/2010,,34.6078,0,7.06329,4.2216,0.401863,0.456374,14.3751,16.8009,8.89468,2.43302,2.43564,0,0,2086.68,2086.68,0,0,0,0,9.16824,12.2778,9.03282,12.0366,0,0,0,0,,1.39356,,1.20969,,0,,0,6.91973,1.79915,0,0,1.36879,0.644183,0,0,0.113194,0.103562,0.0889293,0.212454,0.234257,0,0,0,27.9027,0,2.30009,2.22279,0,0,1.75834,0.00448689,0.0538937,,,,
ion,nvocl40,5/2/2010,,34.6078,0,7.06329,4.2216,0.401863,0.456374,14.3751,16.8009,8.89468,2.43302,2.43564,0,0,2086.68,2086.68,0,0,0,0,9.16824,12.2778,9.03282,12.0366,0,0,0,0,,1.39356,,1.20969,,0,,0,6.91973,1.79915,0,0,1.36879,0.644183,0,0,0.113194,0.103562,0.0889293,0.212454,0.234257,0,0,0,27.9027,0,2.30009,2.22279,0,0,1.75834,0.00448689,0.0538937,,,,
llano,amdocl26,5/1/2010,,466.018,0,15.84446667,11.44803333,8.38761,0.936710667,105.8156667,170.0546667,22.83723333,5.224686667,6.66814,16.60616667,16.5759,10.58706667,10.5747,,,,,69.77503333,70.8369,66.2957,67.24753333,,,,,,4.46181,,3.84593,,,,,14.86093333,5.87844,,,2.839966667,1.852286667,,,0.026386333,0.026260333,0.414675333,3.330086667,5.497093333,,,,3.858936667,,12.59316667,11.80753333,,,3.62462,0.095605567,0.1306125,,,,
llano,amdocl26,5/2/2010,,466.018,0,15.84446667,11.44803333,8.38761,0.936710667,105.8156667,170.0546667,22.83723333,5.224686667,6.66814,16.60616667,16.5759,10.58706667,10.5747,,,,,69.77503333,70.8369,66.2957,67.24753333,,,,,,4.46181,,3.84593,,,,,14.86093333,5.87844,,,2.839966667,1.852286667,,,0.026386333,0.026260333,0.414675333,3.330086667,5.497093333,,,,3.858936667,,12.59316667,11.80753333,,,3.62462,0.095605567,0.1306125,,,,
llano,best,5/1/2010,,466.018,0,15.84446667,11.44803333,8.38761,0.936710667,105.8156667,170.0546667,22.83723333,5.224686667,6.66814,16.60616667,16.5759,10.58706667,10.5747,,,,,69.77503333,70.8369,66.2957,67.24753333,,,,,,4.46181,,3.84593,,,,,14.86093333,5.87844,,,2.839966667,1.852286667,,,0.026386333,0.026260333,0.414675333,3.330086667,5.497093333,,,,3.858936667,,12.59316667,11.80753333,,,3.62462,0.095605567,0.1306125,,,,
llano,best,5/2/2010,,466.018,0,15.84446667,11.44803333,8.38761,0.936710667,105.8156667,170.0546667,22.83723333,5.224686667,6.66814,16.60616667,16.5759,10.58706667,10.5747,,,,,69.77503333,70.8369,66.2957,67.24753333,,,,,,4.46181,,3.84593,,,,,14.86093333,5.87844,,,2.839966667,1.852286667,,,0.026386333,0.026260333,0.414675333,3.330086667,5.497093333,,,,3.858936667,,12.59316667,11.80753333,,,3.62462,0.095605567,0.1306125,,,,
trinity1,amdocl29,8/19/2014,,36.3989,24.2746,0.572818,0.257892,19.324,19.1321,27.1721,21.806,5.25704,18.5045,18.5806,1.89185,1.91001,1.4758,1.48683,1.21559,1.22573,0.917664,0.923433,5.22632,2.8096,5.05078,2.7437,4.56737,2.10287,3.79323,1.92462,,2.39206,,1.48549,,3.76611,,2.52316,2.3674,1.38646,3.49622,1.68836,0.332064,0.220537,0.528573,0.396947,0.00292502,0.00291213,0.251858,0.0506046,0.31542,,,,2.14809,2.06325,0.460521,0.457052,0.312776,0.311887,2.58938,0.0462746,0.00571905,0.0192974,0.0190326,544864,0.0385999
m2070ecc,best,5/1/2010,,1008.16,509.373,91.9339,101.061,15.001,3.99815,392.19,469.638,86.6135,6.04422,6.63311,293.38,294.222,30.415,30.422,138.757,139.115,15.15,15.15,665.943,728.895,559.322,621.23,315.373,315.759,251.481,251.726,0,29.23,0,12.47,0,38.4023,0,19.03,92.2306,5.62497,92.8091,5.62773,27.8924,2.78418,20.4351,2.68912,1.66,1.085,1.56181,9.91,10.6339,1.36587,8.86771,7.92641,74.0053,37.0582,46.1455,39.8073,26.2444,22.4073,7.12509,0.00817508,0.0200568,1.02161,0.88068,35637700,
m2070ecc,best,5/2/2010,,1008.16,509.373,91.9339,101.061,15.001,3.99815,392.19,469.638,86.6135,6.04422,6.63311,293.38,294.222,30.415,30.422,138.757,139.115,15.15,15.15,665.943,728.895,559.322,621.23,315.373,315.759,251.481,251.726,0,29.23,0,12.47,0,38.4023,0,19.03,92.2306,5.62497,92.8091,5.62773,27.8924,2.78418,20.4351,2.68912,1.66,1.085,1.56181,9.91,10.6339,1.36587,8.86771,7.92641,74.0053,37.0582,46.1455,39.8073,26.2444,22.4073,7.12509,0.00817508,0.0200568,1.02161,0.88068,35637700,
m2070ecc,cuda32,5/1/2010,,990.431,480.849,86.678,100.734,11.95,3.82,,,,6.002,6,293.38,294.169,30.415,30.422,138.7,138.962,15.15,15.15,613.93,613.041,535.418,534.58,297.237,296.93,239.889,239.686,,27.77,,12.47,,38.33,,19.03,89.73,5.617,90.58,5.62,25.74,2.889(estimated),18.14,2.759(estimated),1.66,1.085,0.681,9.91,7.57,0.64,8.75,6.19,7.13,5.33,44.5,37.81,23.62,20.72,,,,,,,
m2070ecc,cuda32,5/2/2010,,990.431,480.849,86.678,100.734,11.95,3.82,,,,6.002,6,293.38,294.169,30.415,30.422,138.7,138.962,15.15,15.15,613.93,613.041,535.418,534.58,297.237,296.93,239.889,239.686,,27.77,,12.47,,38.33,,19.03,89.73,5.617,90.58,5.62,25.74,2.889(estimated),18.14,2.759(estimated),1.66,1.085,0.681,9.91,7.57,0.64,8.75,6.19,7.13,5.33,44.5,37.81,23.62,20.72,,,,,,,
m2070ecc,cuda40,5/1/2010,,1002.81,503.293,87.0624,100.924,11.8993,3.71852,372.94,421.533,71.0263,6.02812,6.56484,293.137,294.222,30.3587,30.3703,138.757,139.115,15.1222,15.1264,613.205,612.151,535.215,534.411,297.217,296.908,239.852,239.651,,27.5579,,12.4049,,38.4023,,17.6237,89.8526,5.61491,90.6112,5.61715,27.8924,2.917(estimated),19.6069,2.794(estimated),1.64798,1.07934,0.682207,9.89676,7.62099,0.645264,8.75262,6.20558,3.68076,5.3564,41.8095,37.196,23.4977,20.6305,7.12509,,,,,,
m2070ecc,cuda40,5/2/2010,,1002.81,503.293,87.0624,100.924,11.8993,3.71852,372.94,421.533,71.0263,6.02812,6.56484,293.137,294.222,30.3587,30.3703,138.757,139.115,15.1222,15.1264,613.205,612.151,535.215,534.411,297.217,296.908,239.852,239.651,,27.5579,,12.4049,,38.4023,,17.6237,89.8526,5.61491,90.6112,5.61715,27.8924,2.917(estimated),19.6069,2.794(estimated),1.64798,1.07934,0.682207,9.89676,7.62099,0.645264,8.75262,6.20558,3.68076,5.3564,41.8095,37.196,23.4977,20.6305,7.12509,,,,,,
m2070ecc,cuda41,5/1/2010,,1008.16,509.192,85.9027,100.677,8.61824,3.73773,370.078,440.533,86.6135,6.04422,6.55204,162.815,119.771,28.0889,26.449,123.503,84.6479,14.9258,14.1413,645.116,728.895,559.322,621.23,315.373,315.759,251.481,251.726,,28.0003,,11.4612,,32.4574,,16.195,89.4869,5.61719,90.1919,5.62209,27.7532,2.913(estimated),19.4826,2.789(estimated),1.58043,1.0503,1.45716,9.78475,10.6339,1.32495,8.86771,7.92641,48.0906,27.0627,45.1312,39.8073,25.8337,22.4073,7.12005,,,0.538543,0.483152,3.18E+07,
m2070ecc,cuda41,5/2/2010,,1008.16,509.192,85.9027,100.677,8.61824,3.73773,370.078,440.533,86.6135,6.04422,6.55204,162.815,119.771,28.0889,26.449,123.503,84.6479,14.9258,14.1413,645.116,728.895,559.322,621.23,315.373,315.759,251.481,251.726,,28.0003,,11.4612,,32.4574,,16.195,89.4869,5.61719,90.1919,5.62209,27.7532,2.913(estimated),19.4826,2.789(estimated),1.58043,1.0503,1.45716,9.78475,10.6339,1.32495,8.86771,7.92641,48.0906,27.0627,45.1312,39.8073,25.8337,22.4073,7.12005,,,0.538543,0.483152,3.18E+07,
m2070ecc,cuda50,5/1/2010,,1001.19,509.161,89.6652,101.061,9.2011,3.99815,362.76,441.712,84.9112,4.98214,3.2626,162.517,160.228,23.1662,23.1192,121.363,117.692,12.1571,12.1192,665.943,711.612,509.592,535.911,314.184,312.596,221.537,220.746,,25.1782,,10.3613,,35.2594,,15.7651,92.2306,4.5613,92.8091,4.56135,27.7096,0.919(estimated),20.4351,0.908(estimated),1.62941,0.74169,1.56181,9.62854,10.2526,1.36587,8.40256,7.62472,64.4511,33.1286,46.1455,35.2779,26.2444,19.4425,3.8952,,,0.584879,0.48692,3.56E+07,
m2070ecc,cuda50,5/2/2010,,1001.19,509.161,89.6652,101.061,9.2011,3.99815,362.76,441.712,84.9112,4.98214,3.2626,162.517,160.228,23.1662,23.1192,121.363,117.692,12.1571,12.1192,665.943,711.612,509.592,535.911,314.184,312.596,221.537,220.746,,25.1782,,10.3613,,35.2594,,15.7651,92.2306,4.5613,92.8091,4.56135,27.7096,0.919(estimated),20.4351,0.908(estimated),1.62941,0.74169,1.56181,9.62854,10.2526,1.36587,8.40256,7.62472,64.4511,33.1286,46.1455,35.2779,26.2444,19.4425,3.8952,,,0.584879,0.48692,3.56E+07,
m2070ecc,nvocl32,5/1/2010,,982.37,496.11,88.39,99.85,14.77,3.74,,,,6.006,6.422,55.86,53.9,,,21.78,18.44,,,412.109,404.765,363.411,357.633,170.862,158.163,139.24,130.735,,29.23,,11.5,,22.99,,14.27,87.87,5.62,88.64,5.621,22.2122,2.73592,15.7461,2.60405,0.84,0.525,0.679,4.49,6.244,0.647,3.628,4.147,3.977,5.501,44.81,36.48,21.13,17.31,,,,,,,
m2070ecc,nvocl32,5/2/2010,,982.37,496.11,88.39,99.85,14.77,3.74,,,,6.006,6.422,55.86,53.9,,,21.78,18.44,,,412.109,404.765,363.411,357.633,170.862,158.163,139.24,130.735,,29.23,,11.5,,22.99,,14.27,87.87,5.62,88.64,5.621,22.2122,2.73592,15.7461,2.60405,0.84,0.525,0.679,4.49,6.244,0.647,3.628,4.147,3.977,5.501,44.81,36.48,21.13,17.31,,,,,,,
m2070ecc,nvocl40,5/1/2010,,1005.7,505.552,88.2796,99.9461,15.001,3.64017,371.974,449.076,70.8579,6.00791,6.63018,56.2592,54.0958,21.0273,20.7176,22.5527,18.7746,9.62242,8.86156,411.512,405.025,363.211,358.15,167.941,162.995,138.078,134.721,,23.3595,,11.5282,,22.9823,,14.2835,88.7084,5.62333,89.4625,5.62603,25.9022,2.78418,18.4256,2.66719,0.29402,0.268691,0.683487,4.55666,7.06629,0.640509,3.62718,4.05471,3.96531,5.58987,44.2485,34.0192,21.1773,16.513,5.64661,0.002835,0.0200568,,,,
m2070ecc,nvocl40,5/2/2010,,1005.7,505.552,88.2796,99.9461,15.001,3.64017,371.974,449.076,70.8579,6.00791,6.63018,56.2592,54.0958,21.0273,20.7176,22.5527,18.7746,9.62242,8.86156,411.512,405.025,363.211,358.15,167.941,162.995,138.078,134.721,,23.3595,,11.5282,,22.9823,,14.2835,88.7084,5.62333,89.4625,5.62603,25.9022,2.78418,18.4256,2.66719,0.29402,0.268691,0.683487,4.55666,7.06629,0.640509,3.62718,4.05471,3.96531,5.58987,44.2485,34.0192,21.1773,16.513,5.64661,0.002835,0.0200568,,,,
m2070ecc,nvocl41,5/1/2010,,1007.4,509.373,88.3964,99.597,14.3985,3.6355,390.411,456.374,86.4876,6.01098,6.63311,60.8438,60.1692,21.7138,21.6272,12.9309,13.0804,7.32242,7.37014,413.255,397.558,364.953,352.657,179.59,171.507,145.886,140.51,,23.3378,,11.522,,22.7889,,14.2083,88.3758,5.62497,89.1821,5.62773,25.4866,2.77934,19.5263,2.68912,0.346304,0.311695,1.47705,9.60488,7.94673,1.24221,6.85691,6.16913,52.4135,29.254,44.2091,33.875,21.1459,16.2648,5.79789,0.003323,0.00553075,1.00116,0.88068,3.50E+07,
m2070ecc,nvocl41,5/2/2010,,1007.4,509.373,88.3964,99.597,14.3985,3.6355,390.411,456.374,86.4876,6.01098,6.63311,60.8438,60.1692,21.7138,21.6272,12.9309,13.0804,7.32242,7.37014,413.255,397.558,364.953,352.657,179.59,171.507,145.886,140.51,,23.3378,,11.522,,22.7889,,14.2083,88.3758,5.62497,89.1821,5.62773,25.4866,2.77934,19.5263,2.68912,0.346304,0.311695,1.47705,9.60488,7.94673,1.24221,6.85691,6.16913,52.4135,29.254,44.2091,33.875,21.1459,16.2648,5.79789,0.003323,0.00553075,1.00116,0.88068,3.50E+07,
m2070ecc,nvocl50,5/1/2010,,1007.29,509.369,91.9339,100.578,14.1401,3.88551,392.19,469.638,77.8469,5.56495,3.25864,70.5873,68.9673,20.5775,20.4375,17.9048,16.9482,8.68029,8.4491,413.346,407.462,340.721,336.702,179.707,170.309,139.067,133.376,,23.7931,,10.058,,23.777,,12.8101,90.7625,4.56711,91.5038,4.56935,25.6868,1.29329,19.9378,1.27491,0.275117,0.228882,1.55261,8.85582,7.23637,1.26475,6.05007,5.58352,74.0053,37.0582,45.3244,33.1558,21.5519,16.0353,3.06774,0.00817508,0.0053595,1.02161,0.829667,3.17E+07,
m2070ecc,nvocl50,5/2/2010,,1007.29,509.369,91.9339,100.578,14.1401,3.88551,392.19,469.638,77.8469,5.56495,3.25864,70.5873,68.9673,20.5775,20.4375,17.9048,16.9482,8.68029,8.4491,413.346,407.462,340.721,336.702,179.707,170.309,139.067,133.376,,23.7931,,10.058,,23.777,,12.8101,90.7625,4.56711,91.5038,4.56935,25.6868,1.29329,19.9378,1.27491,0.275117,0.228882,1.55261,8.85582,7.23637,1.26475,6.05007,5.58352,74.0053,37.0582,45.3244,33.1558,21.5519,16.0353,3.06774,0.00817508,0.0053595,1.02161,0.829667,3.17E+07,
m2090,best,5/1/2010,,1309.42,660.853,106.633,116.822,18.0358,3.56195,506.142,606.407,118.642,6.00853,6.651,342.392,342.859,30.6882,30.6919,161.977,162.116,15.2823,15.2835,814.72,909.897,682.482,748.026,408.366,407.835,307.099,306.799,0,32.1498,0,13.245,0,37.0634,0,18.2138,112.287,5.69294,111.187,5.68116,34.2124,2.85109,24.6882,2.77016,2.09615,1.25553,1.73399,11.3676,13.1732,1.77781,10.1714,9.21992,108.902,49.9913,55.5352,47.6876,31.2,26.3451,7.09396,0.003077,0.0167347,1.29224,1.09826,43205800,
m2090,best,5/2/2010,,1309.42,660.853,106.633,116.822,18.0358,3.56195,506.142,606.407,118.642,6.00853,6.651,342.392,342.859,30.6882,30.6919,161.977,162.116,15.2823,15.2835,814.72,909.897,682.482,748.026,408.366,407.835,307.099,306.799,0,32.1498,0,13.245,0,37.0634,0,18.2138,112.287,5.69294,111.187,5.68116,34.2124,2.85109,24.6882,2.77016,2.09615,1.25553,1.73399,11.3676,13.1732,1.77781,10.1714,9.21992,108.902,49.9913,55.5352,47.6876,31.2,26.3451,7.09396,0.003077,0.0167347,1.29224,1.09826,43205800,
m2090,cuda40,5/1/2010,,1303.49,652.843,106.633,116.822,14.6475,3.55058,476.606,606.407,117.575,6.00128,6.57916,342.392,342.859,30.6882,30.6919,161.977,162.116,15.2823,15.2835,770.726,766.038,627.085,623.978,387.873,386.55,281.202,280.506,,31.8666,,12.0629,,37.0634,,17.2703,112.287,5.65563,111.187,5.65416,34.168,2.991(estimated),24.6781,2.894(estimated),2.09615,1.25553,0.833876,11.3676,11.2333,0.813112,10.1442,8.2619,2.80449,3.96582,52.6228,45.4918,29.1987,24.8885,7.01291,,,,,,
m2090,cuda40,5/2/2010,,1303.49,652.843,106.633,116.822,14.6475,3.55058,476.606,606.407,117.575,6.00128,6.57916,342.392,342.859,30.6882,30.6919,161.977,162.116,15.2823,15.2835,770.726,766.038,627.085,623.978,387.873,386.55,281.202,280.506,,31.8666,,12.0629,,37.0634,,17.2703,112.287,5.65563,111.187,5.65416,34.168,2.991(estimated),24.6781,2.894(estimated),2.09615,1.25553,0.833876,11.3676,11.2333,0.813112,10.1442,8.2619,2.80449,3.96582,52.6228,45.4918,29.1987,24.8885,7.01291,,,,,,
m2090,cuda41,5/1/2010,,1309.42,660.697,106.485,116.174,10.5352,3.56195,490.232,564.728,118.642,6.00853,6.57797,210.651,155.185,29.1069,27.737,159.817,109.639,15.2674,14.6279,814.72,909.897,682.482,748.026,408.366,407.835,307.099,306.799,,32.1498,,13.245,,35.3467,,18.2138,111.094,5.65563,110.605,5.65621,34.2124,2.992(estimated),24.6882,2.894(estimated),1.99978,1.22049,1.65976,11.2593,13.1732,1.77781,10.1714,9.21992,103.407,42.9421,55.5352,47.6876,31.2,26.3451,7.09396,,,0.695198,0.604013,4.03E+07,
m2090,cuda41,5/2/2010,,1309.42,660.697,106.485,116.174,10.5352,3.56195,490.232,564.728,118.642,6.00853,6.57797,210.651,155.185,29.1069,27.737,159.817,109.639,15.2674,14.6279,814.72,909.897,682.482,748.026,408.366,407.835,307.099,306.799,,32.1498,,13.245,,35.3467,,18.2138,111.094,5.65563,110.605,5.65621,34.2124,2.992(estimated),24.6882,2.894(estimated),1.99978,1.22049,1.65976,11.2593,13.1732,1.77781,10.1714,9.21992,103.407,42.9421,55.5352,47.6876,31.2,26.3451,7.09396,,,0.695198,0.604013,4.03E+07,
m2090,nvocl40,5/1/2010,,1307.19,655.091,105.739,114.937,18.0358,3.49383,482.196,582.13,116.121,5.99828,6.648,61.1857,57.824,21.6346,21.1989,25.1658,20.5995,10.0576,9.23911,533.961,524.569,443.507,437.052,216.139,210.804,169.067,165.797,,27.9633,,12.531,,28.252,,16.1353,110.133,5.68318,106.532,5.67108,32.2149,2.84932,24.2608,2.76936,0.483399,0.418644,0.82419,11.2128,8.3511,0.790351,9.86043,7.40573,3.03866,4.1823,52.1416,38.5373,25.3024,18.4881,5.71248,0.003077,0.0167347,,,,
m2090,nvocl40,5/2/2010,,1307.19,655.091,105.739,114.937,18.0358,3.49383,482.196,582.13,116.121,5.99828,6.648,61.1857,57.824,21.6346,21.1989,25.1658,20.5995,10.0576,9.23911,533.961,524.569,443.507,437.052,216.139,210.804,169.067,165.797,,27.9633,,12.531,,28.252,,16.1353,110.133,5.68318,106.532,5.67108,32.2149,2.84932,24.2608,2.76936,0.483399,0.418644,0.82419,11.2128,8.3511,0.790351,9.86043,7.40573,3.03866,4.1823,52.1416,38.5373,25.3024,18.4881,5.71248,0.003077,0.0167347,,,,
m2090,nvocl41,5/1/2010,,1307.93,660.853,106.451,115.033,17.3529,3.48483,506.142,591.712,117.166,6.00805,6.651,62.3983,61.8171,21.8892,21.8172,13.4048,13.5131,7.46943,7.50295,536.099,515.416,457.56,442.395,233.24,222.477,179.436,172.986,,27.9589,,12.5433,,27.6499,,15.9521,110.616,5.69294,106.598,5.68116,32.2384,2.85109,24.2492,2.77016,0.461324,0.402014,1.73399,11.2004,9.90469,1.59436,8.38771,8.03599,108.902,49.9913,52.0575,38.2325,25.2439,18.7495,5.85535,0.00286,0.005602,1.29224,1.09826,4.32E+07,
m2090,nvocl41,5/2/2010,,1307.93,660.853,106.451,115.033,17.3529,3.48483,506.142,591.712,117.166,6.00805,6.651,62.3983,61.8171,21.8892,21.8172,13.4048,13.5131,7.46943,7.50295,536.099,515.416,457.56,442.395,233.24,222.477,179.436,172.986,,27.9589,,12.5433,,27.6499,,15.9521,110.616,5.69294,106.598,5.68116,32.2384,2.85109,24.2492,2.77016,0.461324,0.402014,1.73399,11.2004,9.90469,1.59436,8.38771,8.03599,108.902,49.9913,52.0575,38.2325,25.2439,18.7495,5.85535,0.00286,0.005602,1.29224,1.09826,4.32E+07,
nehalem,amdocl24,5/1/2010,,60.4439,34.0405,0.982056,0.560245,26.9335,30.9136,29.0877,65.9167,18.9891,11.9156,11.9156,2.54101,2.61789,2.26291,2.32369,2.40138,2.51156,1.94928,2.02126,8.83629,5.42925,8.74244,5.3933,6.80917,4.2589,6.60271,4.17173,,3.66859,,2.21135,,6.19223,,3.65898,3.82604,1.1053,6.06686,1.16675,0.079986,0.0737298,0.155186,0.133471,0.000740873,0.000740354,7.51798,0.18341,1.53183,3.99457,0.179412,0.826964,,,1.03401,1.02228,1.17656,1.14888,1.27687,0.06684,0.109758,,,,
nehalem,amdocl24,5/2/2010,,60.4439,34.0405,0.982056,0.560245,26.9335,30.9136,29.0877,65.9167,18.9891,11.9156,11.9156,2.54101,2.61789,2.26291,2.32369,2.40138,2.51156,1.94928,2.02126,8.83629,5.42925,8.74244,5.3933,6.80917,4.2589,6.60271,4.17173,,3.66859,,2.21135,,6.19223,,3.65898,3.82604,1.1053,6.06686,1.16675,0.079986,0.0737298,0.155186,0.133471,0.000740873,0.000740354,7.51798,0.18341,1.53183,3.99457,0.179412,0.826964,,,1.03401,1.02228,1.17656,1.14888,1.27687,0.06684,0.109758,,,,
nehalem,best,5/1/2010,,60.4439,34.0405,0.982056,0.560245,26.9335,30.9136,29.0877,65.9167,18.9891,11.9156,11.9156,2.54101,2.61789,2.26291,2.32369,2.40138,2.51156,1.94928,2.02126,8.83629,5.42925,8.74244,5.3933,6.80917,4.2589,6.60271,4.17173,,3.66859,,2.21135,,6.19223,,3.65898,3.82604,1.1053,6.06686,1.16675,0.079986,0.0737298,0.155186,0.133471,0.000740873,0.000740354,7.51798,0.18341,1.53183,3.99457,0.179412,0.826964,,,1.03401,1.02228,1.17656,1.14888,1.27687,0.06684,0.109758,,,,
nehalem,best,5/2/2010,,60.4439,34.0405,0.982056,0.560245,26.9335,30.9136,29.0877,65.9167,18.9891,11.9156,11.9156,2.54101,2.61789,2.26291,2.32369,2.40138,2.51156,1.94928,2.02126,8.83629,5.42925,8.74244,5.3933,6.80917,4.2589,6.60271,4.17173,,3.66859,,2.21135,,6.19223,,3.65898,3.82604,1.1053,6.06686,1.16675,0.079986,0.0737298,0.155186,0.133471,0.000740873,0.000740354,7.51798,0.18341,1.53183,3.99457,0.179412,0.826964,,,1.03401,1.02228,1.17656,1.14888,1.27687,0.06684,0.109758,,,,
sb00,best,5/1/2010,,96.7371,82.753,2.1699,0.318715,39.2765,37.8685,37.463,50.883,6.09625,15.2738,14.5785,2.77909,2.69689,2.39939,2.33787,1.15724,1.13077,1.02312,1.00237,35.3019,24.136,34.7934,23.8984,19.1865,16.1827,18.5445,15.7468,,10.8099,,6.76667,,5.69316,,4.8211,2.25403,2.25387,4.48158,4.48109,1.28175,1.10578,2.15707,1.70928,0.0148506,0.0148242,4.55069,0.941866,0.462384,3.02647,0.861466,0.507515,4.18462,3.92932,2.44923,2.44149,2.45486,2.43995,7.84328,0.0111102,0.0215021,0.0391015,0.0390764,1.63E+06,
sb00,best,5/2/2010,,96.7371,82.753,2.1699,0.318715,39.2765,37.8685,37.463,50.883,6.09625,15.2738,14.5785,2.77909,2.69689,2.39939,2.33787,1.15724,1.13077,1.02312,1.00237,35.3019,24.136,34.7934,23.8984,19.1865,16.1827,18.5445,15.7468,,10.8099,,6.76667,,5.69316,,4.8211,2.25403,2.25387,4.48158,4.48109,1.28175,1.10578,2.15707,1.70928,0.0148506,0.0148242,4.55069,0.941866,0.462384,3.02647,0.861466,0.507515,4.18462,3.92932,2.44923,2.44149,2.45486,2.43995,7.84328,0.0111102,0.0215021,0.0391015,0.0390764,1.63E+06,
sb00,intel15,5/1/2010,,96.7371,82.753,2.1699,0.318715,39.2765,37.8685,37.463,50.883,6.09625,15.2738,14.5785,2.77909,2.69689,2.39939,2.33787,1.15724,1.13077,1.02312,1.00237,35.3019,24.136,34.7934,23.8984,19.1865,16.1827,18.5445,15.7468,,10.8099,,6.76667,,5.69316,,4.8211,2.25403,2.25387,4.48158,4.48109,1.28175,1.10578,2.15707,1.70928,0.0148506,0.0148242,4.55069,0.941866,0.462384,3.02647,0.861466,0.507515,4.18462,3.92932,2.44923,2.44149,2.45486,2.43995,7.84328,0.0111102,0.0215021,0.0391015,0.0390764,1.63E+06,
sb00,intel15,5/2/2010,,96.7371,82.753,2.1699,0.318715,39.2765,37.8685,37.463,50.883,6.09625,15.2738,14.5785,2.77909,2.69689,2.39939,2.33787,1.15724,1.13077,1.02312,1.00237,35.3019,24.136,34.7934,23.8984,19.1865,16.1827,18.5445,15.7468,,10.8099,,6.76667,,5.69316,,4.8211,2.25403,2.25387,4.48158,4.48109,1.28175,1.10578,2.15707,1.70928,0.0148506,0.0148242,4.55069,0.941866,0.462384,3.02647,0.861466,0.507515,4.18462,3.92932,2.44923,2.44149,2.45486,2.43995,7.84328,0.0111102,0.0215021,0.0391015,0.0390764,1.63E+06,
haswellgt2,intelbgnt1,12/1/2014,4,326.266,,,,,,,,,13.2664,17.156,1.41023,1.50856,1.33622,1.42418,,,,,,,,,,,,,,,,,,,,,,,,,,,,,,,,,,,,,9.10097,,,,,,7.31514,0.0221313,,,,,
haswell,intel44,12/1/2014,4,419.65,209.889,5.62128,4.77288,39.0209,46.4155,48.2466,57.8717,16.7418,16.3724,16.089,15.7925,15.4169,6.5924,6.52603,12.3262,12.0197,3.85664,3.82611,79.7533,72.76,77.1935,70.3527,40.0774,29.745,37.5192,28.3423,,12.4486,,8.24029,,15.1707,,11.132,10.1281,4.00889,20.9829,5.0261,4.2083,1.77268,4.88797,1.87756,0.106661,0.102885,2.30719,0.387665,0.24274,,,,5.98417,5.55123,7.40701,7.2388,4.5231,4.39667,8.3263,0.00791575,0.0137501,0.174061,0.169581,7.17E+06,0.377935
gtxtitan,cuda60,11/11/2014,,4080.85,1532.56,251.709,238.683,20.9823,13.1125,1099.74,1032.95,240.802,6.1477,5.71811,657.33,657.667,32.6468,32.6513,329.428,329.028,16.3369,16.3385,3429.86,3454.76,1864.77,1872.11,1314.36,1389.77,637.188,654.402,,190.207,,20.7342,,114.475,,28.896,158.743,5.89695,227.003,5.96761,63.188,2.81575,52.0634,2.8028,3.36195,1.57437,4.00275,24.7912,23.1547,3.96066,22.1608,17.7765,131.617,58.1714,116.27,85.0161,68.2068,47.6626,5.90594,,,1.31253,1.02758,7.81E+07,3.75289
gtxtitan,nvocl60,11/11/2014,,4118.84,1535.3,239.496,250.617,22.6495,14.803,995.809,1058.84,237.376,6.14981,5.71908,116.284,115.233,14.5319,14.5153,56.597,49.6051,7.25825,7.12938,717.615,828.337,582.118,652.891,426.096,467.186,274.26,290.703,,78.0179,,17.8906,,66.2424,,24.2747,196.565,5.95515,231.578,5.99012,47.9455,2.78312,47.3988,2.78039,0.613013,0.507878,4.20763,19.8631,16.783,3.84183,18.1989,15.7256,165.471,79.8521,120.686,76.7596,56.4916,36.9523,5.78046,0.000120144,0.00491,2.06037,1.60192,7.78E+07,2.55077
jetsontk1,cuda60,9/15/2014,,304.606,13.604,12.5845,11.5976,1.63557,2.99754,97.6909,102.433,22.175,6.57516,6.56925,10.1257,10.184,5.66957,5.9488,2.7231,2.64377,1.66054,1.62867,49.0667,44.6339,18.226,17.5775,5.78408,5.79041,3.78071,3.78341,,4.22957,,3.37424,,5.70263,,4.7578,9.62747,2.08538,12.5204,2.56219,3.90488,1.21605,3.52316,1.31614,0.199734,0.183499,0.492389,0.340533,0.453487,0.283615,0.342228,0.355138,8.6403,3.09832,4.49451,4.26726,2.95241,2.85801,1.40912,,,0.0161481,0.010195,358236,0.268372
K40_Intel,cuda60,11/7/2014,4,3700.76,1407.31,176.15,175.443,18.0628,7.25555,1117.16,1197.13,210.491,4.8063,1.92868,467.554,464.79,25.5024,25.5033,251.346,251.553,12.7983,12.8027,3090.4,3102.19,1275.43,1277.43,1159.49,1224.84,456.433,466.225,,166.435,,15.7609,,96.0067,,21.842,159,4.63668,172.088,4.64683,48.686,1.32487,43.7549,1.32176,3.06847,0.944965,2.47083,18.3966,17.5093,2.27208,16.0967,13.0504,123.754,57.5972,96.0091,58.3697,51.5685,30.4962,3.70647,,,1.24298,0.868105,7.31E+07,2.8123
K40_Intel,nvocl60,11/7/2014,4,3759.41,1413.9,175.966,190.018,20.8147,7.01154,1099.15,1072.2,207.672,4.80703,1.91005,86.1346,85.1258,7.05554,7.0487,40.5072,38.8195,3.50988,3.49671,709.469,804.309,507.454,554.126,408.828,446.686,213.057,222.928,,69.2227,,13.8203,,57.6949,,18.6498,157.445,4.64779,168.36,4.65694,40.5266,1.32043,40.0483,1.31909,0.550231,0.391957,2.96946,16.972,14.6396,2.20457,15.1406,13.5362,158.293,76.3012,90.6906,52.884,41.9136,25.243,3.10307,0.0117503,0.0054035,1.8822,1.31768,7.07E+07,2.79463
gtx750TiSC,cuda60,11/12/2014,2,1680.98,53.2886,80.0034,74.2509,21.007,12.1366,673.906,820.312,170.183,6.26285,6.39602,172.637,181.522,27.8788,28.7141,28.9733,28.2768,10.6477,10.6699,911.211,873.631,486.071,475.168,39.7293,39.557,35.0917,34.9572,,65.0526,,17.0659,,30.5547,,17.0759,72.5006,5.60331,73.4246,5.60493,23.5078,2.74119,20.4778,2.70003,1.50852,1.0172,2.29781,9.84319,5.60304,1.88265,7.28339,3.72342,72.7596,19.1713,26.1438,24.1872,14.2721,13.1207,6.20869,,,0.331733,0.277524,1.15E+07,1.44116
gtx750TiSC,cuda60,11/12/2014,4,1681.66,53.3038,80.0446,74.3616,21.262,12.0894,675.011,820.237,170.425,6.26105,6.39617,192.078,201.742,29.7166,29.9694,29.8641,29.2184,11.0708,10.9846,841.108,889.164,701.809,734.951,45.5357,45.5346,43.9718,43.9708,,72.316,,17.8205,,31.7071,,17.5798,75.9377,5.75551,77.5165,5.76417,24.1016,2.78851,21.2636,2.74772,1.53358,1.03233,2.76079,10.3641,12.6912,2.25335,8.21562,8.48376,77.3476,19.6701,26.7228,24.7598,15.1939,13.9409,6.19929,,,0.523661,0.473357,3.21E+07,1.61814
gtx750TiSC,nvocl60,11/12/2014,4,1682.08,53.289,77.1282,70.6464,20.8613,12.1419,722.477,847.645,116.529,6.26273,6.39636,74.7926,69.7959,14.3609,14.1661,9.08898,7.94472,4.49344,4.19475,402.124,405.235,357.383,359.839,40.9134,40.9862,38.9249,38.9921,,79.0168,,18.2309,,34.053,,18.2259,76.2094,5.7737,77.5313,5.78249,22.0985,2.76523,20.9285,2.74595,0.271217,0.249785,2.7317,7.88931,8.20759,2.34424,6.93825,6.93109,89.0858,21.8492,43.5396,38.0487,12.8754,11.8882,5.77217,0.000112433,0.00349,0.848232,0.762106,3.40E+07,1.31439
w9100,best,1/21/2015,4,4972.65,2203.09,285.915,230.926,90.7085,9.4249,2033.98,444.877,224.469,6.32662,1.90867,476.147,474.916,8.07134,8.07098,119.699,122.557,3.97116,3.97423,578.242,325.088,449.242,280.119,149.577,240.053,111.875,162.636,223.759,171.482,27.9785,21.4419,92.6412,124.349,17.9233,24.0578,146.208,6.03471,166.689,6.08822,35.9763,1.40833,40.3933,1.41487,0.0741558,0.0705817,2.16458,23.1441,6.53052,2.11766,12.8009,5.74741,181.772,99.526,15.1324,13.7681,7.24844,6.58663,4.17789,0.042249,0.0862822,4.7837,2.31634,9.29548e+07,6.30177
